[
  {
    "Location": "MAGIC KINGDOM at Walt Disney World, Lake Buena Vista, FL",
    "Category": "Theme Park",
    "Visitors": 18588000,
    "Entry": "Paid"
  }, 
  {
    "Location": "TOKYO DISNEYLAND, Tokyo, Japan",
    "Category": "Theme Park",
    "Visitors": 17214000,
    "Entry": "Paid"
  },
  {
    "Location": "DISNEYLAND, Anaheim, CA",
    "Category": "Theme Park",
    "Visitors": 16202000,
    "Entry": "Paid"
  },
  {
    "Location": "TOKYO DISNEY SEA, Tokyo, Japan",
    "Category": "Theme Park",
    "Visitors": 14084000,
    "Entry": "Paid"
  },
  {
    "Location": "EPCOT at Walt Disney World, Lake Buena Vista, FL",
    "Category": "Theme Park",
    "Visitors": 11229000,
    "Entry": "Paid"
  },
  {
    "Location": "DISNEYLAND PARK AT DISNEYLAND PARIS, Marne-La-Vallee, France",
    "Category": "Theme Park",
    "Visitors": 10430000,
    "Entry": "Paid"
  },
  {
    "Location": "DISNEY'S ANIMAL KINGDOM at Walt Disney World, Lake Buena Vista, FL",
    "Category": "Theme Park",
    "Visitors": 10198000,
    "Entry": "Paid"
  },
  {
    "Location": "DISNEY'S HOLLYWOOD STUDIOS at Walt Disney World, Lake Buena Vista, FL",
    "Category": "Theme Park",
    "Visitors": 10110000,
    "Entry": "Paid"
  },
  {
    "Location": "UNIVERSAL STUDIOS JAPAN, Osaka, Japan",
    "Category": "Theme Park",
    "Visitors": 10100000,
    "Entry": "Paid"
  },
  {
    "Location": "DISNEY'S CALIFORNIA ADVENTURE, Anaheim, CA",
    "Category": "Theme Park",
    "Visitors": 8514000,
    "Entry": "Paid"
  },
  {
    "Location": "ISLANDS OF ADVENTURE at Universal Orlando, FL",
    "Category": "Theme Park",
    "Visitors": 8141000,
    "Entry": "Paid"
  },
  {
    "Location": "OCEAN PARK, Hong Kong SAR",
    "Category": "Theme Park",
    "Visitors": 7475000,
    "Entry": "Paid"
  },
  {
    "Location": "HONG KONG DISNEYLAND, Hong Kong SAR",
    "Category": "Theme Park",
    "Visitors": 7400000,
    "Entry": "Paid"
  },
  {
    "Location": "LOTTE WORLD, Seoul, South Korea",
    "Category": "Theme Park",
    "Visitors": 7400000,
    "Entry": "Paid"
  },
  {
    "Location": "EVERLAND, Gyeonggi-Do, South Korea",
    "Category": "Theme Park",
    "Visitors": 7303000,
    "Entry": "Paid"
  },
  {
    "Location": "UNIVERSAL STUDIOS at Universal Orlando, FL",
    "Category": "Theme Park",
    "Visitors": 7062000,
    "Entry": "Paid"
  },
  {
    "Location": "UNIVERSAL STUDIOS HOLLYWOOD, Universal City, CA",
    "Category": "Theme Park",
    "Visitors": 6148000,
    "Entry": "Paid"
  },
  {
    "Location": "NAGASHIMA SPA LAND, Kuwana, Japan",
    "Category": "Theme Park",
    "Visitors": 5840000,
    "Entry": "Paid"
  },
  {
    "Location": "SEAWORLD, Orlando, FL",
    "Category": "Theme Park",
    "Visitors": 5090000,
    "Entry": "Paid"
  },
  {
    "Location": "EUROPA PARK, Rust, Germany",
    "Category": "Theme Park",
    "Visitors": 4900000,
    "Entry": "Paid"
  },
  {
    "Location": "CHIMELONG WATERPARK, Guangzhou, China",
    "Category": "Water Park",
    "Visitors": 2172000,
    "Entry": "Paid"
  },
  {
    "Location": "TYPHOON LAGOON AT DISNEY WORLD, Orlando, FL",
    "Category": "Water Park",
    "Visitors": 2142000,
    "Entry": "Paid"
  },
  {
    "Location": "BLIZZARD BEACH AT DISNEY WORLD, Orlando, FL",
    "Category": "Water Park",
    "Visitors": 1968000,
    "Entry": "Paid"
  },
  {
    "Location": "OCEAN WORLD, Gangwon-Do South Korea",
    "Category": "Water Park",
    "Visitors": 1700000,
    "Entry": "Paid"
  },
  {
    "Location": "THERMAS DOS LARANJAIS, Olimpia, Brazil",
    "Category": "Water Park",
    "Visitors": 1650000,
    "Entry": "Paid"
  },
  {
    "Location": "CARIBBEAN BAY, Gyeonggi-Do, South Korea",
    "Category": "Water Park",
    "Visitors": 1623000,
    "Entry": "Paid"
  },
  {
    "Location": "AQUATICA, Orlando, FL",
    "Category": "Water Park",
    "Visitors": 1553000,
    "Entry": "Paid"
  },
  {
    "Location": "WET N WILD GOLD COAST, Austrailia,",
    "Category": "Water Park",
    "Visitors": 1409000,
    "Entry": "Paid"
  },
  {
    "Location": "WET 'N WILD, Orlando, FL",
    "Category": "Water Park",
    "Visitors": 1259000,
    "Entry": "Paid"
  },
  {
    "Location": "RESOM SPA CASTLE, Deoksan, South Korea",
    "Category": "Water Park",
    "Visitors": 1189000,
    "Entry": "Paid"
  },
  {
    "Location": "AQUAVENTURE, Dubai, UAE",
    "Category": "Water Park",
    "Visitors": 1200000,
    "Entry": "Paid"
  },
  {
    "Location": "SUNWAY LAGOON, Kuala Lumpur, Malaysia",
    "Category": "Water Park",
    "Visitors": 1100000,
    "Entry": "Paid"
  },
  {
    "Location": "SHENYANG ROYAL HAWAII WATER PARK, Shenyang, China",
    "Category": "Water Park",
    "Visitors": 1100000,
    "Entry": "Paid"
  },
  {
    "Location": "PISCILAGO, Girardo (Bogota), Colombia",
    "Category": "Water Park",
    "Visitors": 1035000,
    "Entry": "Paid"
  },
  {
    "Location": "SCHLITTERBAHN, New Braunfels, TX",
    "Category": "Water Park",
    "Visitors": 1027000,
    "Entry": "Paid"
  },
  {
    "Location": "WOONGJIN PLAYDOCI WATERDOCI, Gyeonggi-Do, South Korea",
    "Category": "Water Park",
    "Visitors": 997000,
    "Entry": "Paid"
  },
  {
    "Location": "ATLANTIS WATER ADVENTURE, Jakarta, Indonesia",
    "Category": "Water Park",
    "Visitors": 980000,
    "Entry": "Paid"
  },
  {
    "Location": "BEACH PARK, Aquiraz, Brazil",
    "Category": "Water Park",
    "Visitors": 964000,
    "Entry": "Paid"
  },
  {
    "Location": "SUMMERLAND, Tokyo , Japan",
    "Category": "Water Park",
    "Visitors": 939000,
    "Entry": "Paid"
  },
  {
    "Location": "THE JUNGLE WATER ADVENTURE, Bogor, West Java",
    "Category": "Water Park",
    "Visitors": 880000,
    "Entry": "Paid"
  },
  {
    "Location": "LOUVRE, Paris, France",
    "Category": "Museum",
    "Visitors": 9334000,
    "Entry": "Paid"
  },
  {
    "Location": "NATIONAL MUSEUM OF NATURAL HISTORY, Washington DC",
    "Category": "Museum",
    "Visitors": 8000000,
    "Entry": "Free"
  },
  {
    "Location": "NATIONAL MUSEUM OF CHINA, Beijing, China",
    "Category": "Museum",
    "Visitors": 7450000,
    "Entry": "Free"
  },
  {
    "Location": "NATIONAL AIR AND SPACE MUSEUM, Washington DC",
    "Category": "Museum",
    "Visitors": 6970000,
    "Entry": "Free"
  },
  {
    "Location": "BRITISH MUSEUM, London, U.K.",
    "Category": "Museum",
    "Visitors": 6701000,
    "Entry": "Free"
  },
  {
    "Location": "THE METROPOLITAN MUSEUM OF ART, New York NY",
    "Category": "Museum",
    "Visitors": 6280000,
    "Entry": "Paid"
  },
  {
    "Location": "NATIONAL GALLERY, London, U.K.",
    "Category": "Museum",
    "Visitors": 6031000,
    "Entry": "Free"
  },
  {
    "Location": "VATICAN MUSEUMS, Vatican",
    "Category": "Museum",
    "Visitors": 5459000,
    "Entry": "Paid"
  },
  {
    "Location": "NATURAL HISTORY MUSEUM, London, U.K.",
    "Category": "Museum",
    "Visitors": 5250000,
    "Entry": "Free"
  },
  {
    "Location": "AMERICAN MUSEUM OF NATURAL HISTORY, New York",
    "Category": "Museum",
    "Visitors": 5000000,
    "Entry": "Paid"
  },
  {
    "Location": "NATIONAL MUSEUM OF AMERICAN HISTORY, Washington DC",
    "Category": "Museum",
    "Visitors": 4900000,
    "Entry": "Free"
  },
  {
    "Location": "TATE MODERN, London, U.K.",
    "Category": "Museum",
    "Visitors": 4885000,
    "Entry": "Free"
  },
  {
    "Location": "NATIONAL PALACE MUSEUM (TAIWAN), Taipei, Taiwan",
    "Category": "Museum",
    "Visitors": 4412000,
    "Entry": "Paid"
  },
  {
    "Location": "NATIONAL GALLERY OF ART, Washington DC",
    "Category": "Museum",
    "Visitors": 4100000,
    "Entry": "Free"
  },
  {
    "Location": "CENTRE POMPIDOU, Paris, France",
    "Category": "Museum",
    "Visitors": 3745000,
    "Entry": "Paid"
  },
  {
    "Location": "SHANGHAI SCIENCE & TECHNOLOGY MUSEUM, Shanghai, China",
    "Category": "Museum",
    "Visitors": 3580000,
    "Entry": "Paid"
  },
  {
    "Location": "MUSEE D'ORSAY, Paris, France",
    "Category": "Museum",
    "Visitors": 3482000,
    "Entry": "Paid"
  },
  {
    "Location": "NATIONAL MUSEUM OF NATURAL SCIENCE, Taichung, Taiwan",
    "Category": "Museum",
    "Visitors": 3396000,
    "Entry": "Paid"
  },
  {
    "Location": "SCIENCE MUSEUM (SOUTH KENSINGTON), London, U.K",
    "Category": "Museum",
    "Visitors": 3317000,
    "Entry": "Free"
  },
  {
    "Location": "VICTORIA & ALBERT MUSEUM, London, U.K.",
    "Category": "Museum",
    "Visitors": 3290000,
    "Entry": "Free"
  }
]